date,sales,temperature,promotion
2020-01-01,952,28.69384597630253,0
2020-01-02,432,6.881972846315557,0
2020-01-03,552,1.0179440683293595,0
2020-01-04,615,3.426243755525087,0
2020-01-05,833,19.96483727434116,0
2020-01-06,288,0.8211559089668896,0
2020-01-07,163,16.36982797311536,0
2020-01-08,647,12.952058478321085,0
2020-01-09,425,23.959513608789386,1
2020-01-10,660,21.845178284520294,0
2020-01-11,689,21.159056143245458,0
2020-01-12,635,26.283983450041415,0
2020-01-13,310,0.4562731078585147,1
2020-01-14,310,0.8654724384736667,0
2020-01-15,208,17.470995211107788,0
2020-01-16,238,22.488737217624553,0
2020-01-17,381,17.759246054163956,0
2020-01-18,368,21.535196613665523,0
2020-01-19,530,16.66799380947814,1
2020-01-20,465,11.364140448724285,0
2020-01-21,398,13.042836561411725,0
2020-01-22,207,11.095327534975233,0
2020-01-23,196,20.252311003087772,0
2020-01-24,621,6.550478620546061,1
2020-01-25,956,5.641994430516776,1
2020-01-26,696,18.063550326722453,0
2020-01-27,389,17.760398104568765,0
2020-01-28,796,17.162459644472943,0
2020-01-29,526,27.434999526481047,0
2020-01-30,906,25.050478350101873,0
2020-01-31,236,26.320545154277383,0
2020-02-01,207,18.471268179641303,0
2020-02-02,726,29.30262254831355,0
2020-02-03,317,21.67945612167544,0
2020-02-04,683,0.14211064157873654,1
2020-02-05,305,13.755613131943187,1
2020-02-06,157,13.524336065740405,1
2020-02-07,387,17.581870790831825,0
2020-02-08,556,13.860052595212498,0
2020-02-09,652,12.258270522914431,0
2020-02-10,532,8.403480706616872,0
2020-02-11,126,25.711555322012376,0
2020-02-12,274,15.32162747812561,0
2020-02-13,468,12.212470557591462,1
2020-02-14,570,8.918385676230656,1
2020-02-15,453,12.24608376868739,0
2020-02-16,752,29.53135585596468,0
2020-02-17,916,23.562079830312353,0
2020-02-18,509,14.99530629311603,0
2020-02-19,772,4.764748824547205,0
2020-02-20,348,22.156578880576795,1
2020-02-21,940,29.90470396417382,1
2020-02-22,768,16.09517827263876,1
2020-02-23,810,19.459042219049664,1
2020-02-24,458,20.273633109536746,0
2020-02-25,677,18.800447136517764,0
2020-02-26,605,22.247083074491574,0
2020-02-27,793,11.95840205143785,0
2020-02-28,927,2.918509217104581,1
2020-02-29,694,11.995288856767207,1
2020-03-01,396,21.439165540981836,0
2020-03-02,879,1.1697332643346658,0
2020-03-03,361,0.13827439095864924,0
2020-03-04,200,13.253746902980097,1
2020-03-05,635,25.71432190922337,0
2020-03-06,330,16.622177304175914,0
2020-03-07,703,25.162147289154838,1
2020-03-08,294,3.2033217503878966,0
2020-03-09,586,29.703950430214068,0
2020-03-10,359,21.184535896814236,0
2020-03-11,985,5.024376522254748,0
2020-03-12,897,16.4778561908231,1
2020-03-13,313,21.344414156812903,1
2020-03-14,590,26.130481462649133,0
2020-03-15,334,3.905701865266126,0
2020-03-16,737,6.417295629468058,1
2020-03-17,272,20.830716634843117,0
2020-03-18,602,25.910437841046885,0
2020-03-19,885,3.5982636564349644,1
2020-03-20,113,3.6487534384746647,1
2020-03-21,964,6.294637091817105,0
2020-03-22,889,6.655240266024975,1
2020-03-23,195,23.30197500126008,1
2020-03-24,950,6.05387895972439,0
2020-03-25,166,3.510603710297533,1
2020-03-26,724,9.629498421893313,0
2020-03-27,200,9.447226182142568,0
2020-03-28,258,25.3679281312445,0
2020-03-29,522,23.869644726135167,0
2020-03-30,389,7.894699244777503,0
2020-03-31,665,1.69397492605048,0
2020-04-01,916,8.977797540971535,0
2020-04-02,246,15.84846753496913,1
2020-04-03,307,10.345162854569082,0
2020-04-04,734,5.372070401638384,1
2020-04-05,711,27.97992633374251,0
2020-04-06,441,15.215275086698513,0
2020-04-07,791,8.921790346805125,1
2020-04-08,170,7.5558641232500285,1
2020-04-09,527,29.306799852287728,0
2020-04-10,902,9.2267429507852,0
2020-04-11,436,4.594341234250293,1
2020-04-12,280,8.432896002160733,0
2020-04-13,139,28.65093562632794,0
2020-04-14,825,22.358197535481096,0
2020-04-15,185,3.3422052605781793,0
2020-04-16,633,11.826880335774234,1
2020-04-17,858,20.280804195562055,1
2020-04-18,494,9.887925082206385,0
2020-04-19,973,5.866480060131204,1
2020-04-20,529,6.553008357411434,1
2020-04-21,269,22.66747603408722,0
2020-04-22,129,19.101683800777643,0
2020-04-23,935,17.023237052517324,1
2020-04-24,226,28.668015172881805,0
2020-04-25,934,18.767558642093487,0
2020-04-26,980,6.75598592663794,1
2020-04-27,923,21.037847788453636,0
2020-04-28,375,6.572194102138358,1
2020-04-29,181,15.550948554627071,0
2020-04-30,890,22.12096930848422,0
2020-05-01,269,11.082540661835335,1
2020-05-02,118,23.88973070802521,0
2020-05-03,187,14.602329697142924,0
2020-05-04,241,9.802994128042107,0
2020-05-05,190,29.30789187561281,0
2020-05-06,188,14.66598583265535,0
2020-05-07,762,17.79832810948293,0
2020-05-08,859,13.438377776662637,1
2020-05-09,299,1.9917651894066346,0
2020-05-10,527,14.177045220172515,1
2020-05-11,149,24.103902558703357,1
2020-05-12,124,26.5837349720668,0
2020-05-13,510,4.283923679931379,0
2020-05-14,761,18.620615437345755,1
2020-05-15,369,28.947572047165043,1
2020-05-16,961,23.656336864621327,0
2020-05-17,631,13.515381477938755,1
2020-05-18,147,14.31611350002526,1
2020-05-19,338,23.026893791813208,1
2020-05-20,679,16.62267546075656,0
2020-05-21,531,28.985771434857487,0
2020-05-22,794,3.079517991622902,0
2020-05-23,707,19.912174959386576,0
2020-05-24,869,0.3437480655021419,0
2020-05-25,946,9.741496738985408,1
2020-05-26,212,0.5841323472326221,0
2020-05-27,197,14.731359361509998,0
2020-05-28,562,20.308794192505925,0
2020-05-29,786,14.10060409242762,0
2020-05-30,345,18.566869487406336,0
2020-05-31,742,11.890472439619238,0
2020-06-01,713,5.533406429708478,1
2020-06-02,766,29.25230742986363,1
2020-06-03,814,6.4275049493276395,1
2020-06-04,550,18.222140593322116,0
2020-06-05,199,23.39296394572595,1
2020-06-06,166,4.1849789781430005,1
2020-06-07,813,25.384288429732752,0
2020-06-08,428,20.36523451288041,0
2020-06-09,781,14.77705340214586,0
2020-06-10,643,14.346374251639562,0
2020-06-11,416,4.065498394410161,1
2020-06-12,102,29.70251920457128,1
2020-06-13,887,13.065430442444235,0
2020-06-14,745,23.645025643330108,0
2020-06-15,261,28.045608102576487,0
2020-06-16,233,10.84047457504185,0
2020-06-17,678,14.293649533833543,0
2020-06-18,186,24.842810675528465,1
2020-06-19,427,13.994843624697534,1
2020-06-20,159,24.03017253392399,0
2020-06-21,668,0.17705939351371103,0
2020-06-22,932,16.260398734407417,0
2020-06-23,687,12.211258798033423,0
2020-06-24,995,26.761407895652876,1
2020-06-25,171,0.3969087145911909,0
2020-06-26,827,21.076508649937207,0
2020-06-27,570,29.591570892872735,0
2020-06-28,488,0.4671497836808003,0
2020-06-29,410,26.426294351191007,1
2020-06-30,118,12.966939144326536,0
2020-07-01,520,29.143098272089578,0
2020-07-02,820,0.935258231126529,1
2020-07-03,645,12.68613281616171,0
2020-07-04,166,8.779299584267196,0
2020-07-05,687,1.042763848005246,0
2020-07-06,580,27.448394382383274,0
2020-07-07,119,1.6292712797965903,0
2020-07-08,299,10.972053275711357,0
2020-07-09,703,19.892404971018912,0
2020-07-10,523,5.7718789201015,0
2020-07-11,109,3.021803548025935,0
2020-07-12,936,16.961591195810215,1
2020-07-13,582,23.669234430868556,1
2020-07-14,613,3.1569024676532065,0
2020-07-15,776,28.449486841225138,0
2020-07-16,933,0.4816170953040533,0
2020-07-17,421,20.362373497014733,0
2020-07-18,145,6.242450689951172,0
2020-07-19,561,16.564025885358113,0
2020-07-20,778,20.508371009608073,0
2020-07-21,600,23.15374464869628,0
2020-07-22,231,3.300205282903815,1
2020-07-23,126,18.655216352942066,0
2020-07-24,230,10.900918339830323,1
2020-07-25,493,4.392331671651652,1
2020-07-26,434,2.7744954173077554,1
2020-07-27,258,0.356274091644605,0
2020-07-28,529,4.069689105607272,0
2020-07-29,674,17.3340386105594,0
2020-07-30,313,29.777854601061136,0
2020-07-31,168,17.203992583196044,0
2020-08-01,693,10.559724124469579,0
2020-08-02,190,10.277867672902733,0
2020-08-03,785,5.391768879077605,1
2020-08-04,725,6.860278022956664,1
2020-08-05,842,2.3081626910980892,1
2020-08-06,694,29.438677174096327,1
2020-08-07,980,17.333681968338787,0
2020-08-08,788,28.066368391132738,0
2020-08-09,141,8.266180121279504,0
2020-08-10,134,5.966585134953659,0
2020-08-11,792,19.886216848898673,1
2020-08-12,147,18.38622699451763,0
2020-08-13,704,2.008293148698095,1
2020-08-14,715,22.02953346356161,0
2020-08-15,377,13.656394863347037,0
2020-08-16,875,21.748100315502384,0
2020-08-17,111,28.056055689898912,1
2020-08-18,549,13.05949389304278,1
2020-08-19,908,3.4353648906609413,0
2020-08-20,764,5.314802684242002,1
2020-08-21,808,24.077329932144533,1
2020-08-22,321,17.169760581546527,0
2020-08-23,439,2.6794210613796676,0
2020-08-24,341,1.9247654791717939,1
2020-08-25,895,8.82749152346345,0
2020-08-26,265,25.612213229209864,1
2020-08-27,102,15.303199467183903,1
2020-08-28,370,23.657030968003642,0
2020-08-29,455,1.9987197020607905,1
2020-08-30,175,9.416813204845507,0
2020-08-31,284,6.43803042996702,0
2020-09-01,112,9.523894440025188,0
2020-09-02,286,4.264160300979257,0
2020-09-03,499,26.236422708918585,0
2020-09-04,302,25.057606281271106,1
2020-09-05,812,15.480311071375615,0
2020-09-06,724,21.062242610856195,0
2020-09-07,950,13.969556726161889,0
2020-09-08,367,7.460024580876508,1
2020-09-09,551,4.795346061509013,0
2020-09-10,436,28.247743526728506,0
2020-09-11,293,21.40103533872755,1
2020-09-12,743,7.464445396675559,0
2020-09-13,191,25.846884415506473,0
2020-09-14,617,15.76931467839956,1
2020-09-15,646,14.03508789110184,1
2020-09-16,559,0.863058953422039,1
2020-09-17,268,9.923786743299038,0
2020-09-18,867,19.69212062461329,0
2020-09-19,706,10.595040298594977,0
2020-09-20,393,0.4606304692745433,1
2020-09-21,485,15.213329271224863,0
2020-09-22,229,0.6010949601012694,0
2020-09-23,960,9.608473408207663,0
2020-09-24,118,2.5724760845752392,1
2020-09-25,826,0.7591998934196964,1
2020-09-26,954,4.708447201317005,0
2020-09-27,786,27.561157724214056,0
2020-09-28,898,9.18876676633285,0
2020-09-29,171,20.5841006730077,0
2020-09-30,597,27.46172344071902,0
2020-10-01,937,21.849717489502737,0
2020-10-02,858,4.219742934341139,1
2020-10-03,599,10.64285464353041,0
2020-10-04,165,7.803723254835385,0
2020-10-05,147,13.135293504655026,0
2020-10-06,570,26.2461858549417,0
2020-10-07,113,28.645063294045187,0
2020-10-08,142,25.831504907357914,1
2020-10-09,416,12.431290856512591,1
2020-10-10,520,6.84109421871769,0
2020-10-11,785,5.769699102163058,0
2020-10-12,522,7.100509641245196,0
2020-10-13,145,23.09651694448258,0
2020-10-14,481,17.786226390400127,0
2020-10-15,228,6.563873774202839,0
2020-10-16,880,24.9691579587465,0
2020-10-17,841,10.153061938585395,0
2020-10-18,676,17.740597633102258,1
2020-10-19,787,14.255783619307598,0
2020-10-20,787,17.98628469586983,0
2020-10-21,413,27.043661683833758,1
2020-10-22,452,9.360315148474852,0
2020-10-23,788,16.639034373961785,0
2020-10-24,119,6.378831231955903,0
2020-10-25,714,26.735623907008883,0
2020-10-26,267,11.791498917211522,0
2020-10-27,464,4.383479327127606,0
2020-10-28,479,8.133432184899313,1
2020-10-29,462,19.838802354728628,0
2020-10-30,465,12.203964835634872,0
2020-10-31,803,0.22756822401731713,1
2020-11-01,634,20.83124218249917,1
2020-11-02,152,10.713324656120607,0
2020-11-03,572,18.083010177348193,0
2020-11-04,567,2.1122145283487526,0
2020-11-05,267,16.701277283403073,0
2020-11-06,527,13.423591719662353,0
2020-11-07,889,8.856525238623878,0
2020-11-08,672,11.67349266370129,0
2020-11-09,570,25.711196554415917,1
2020-11-10,648,21.00719350561484,0
2020-11-11,124,1.3455892049577423,0
2020-11-12,795,11.626020448689847,0
2020-11-13,196,12.496488854994993,1
2020-11-14,578,7.126025668039695,0
2020-11-15,588,8.191258859358921,0
2020-11-16,274,21.396882336790373,0
2020-11-17,210,21.183666579941722,0
2020-11-18,963,13.51207621131621,0
2020-11-19,982,4.1483370172332465,0
2020-11-20,372,11.757726733513138,0
2020-11-21,500,22.90954693279866,0
2020-11-22,120,22.801087200451946,1
2020-11-23,179,19.831163667395604,0
2020-11-24,234,24.87957751690716,0
2020-11-25,313,8.128297884927761,0
2020-11-26,133,23.883848222828718,1
2020-11-27,713,9.225318493187403,0
2020-11-28,944,17.462235480824067,0
2020-11-29,386,6.176582100126277,0
2020-11-30,994,1.6772180166686201,0
2020-12-01,321,14.06331744429532,0
2020-12-02,184,5.483040940654499,1
2020-12-03,311,20.851159331755763,0
2020-12-04,206,22.311248836063438,1
2020-12-05,714,23.894709155592277,0
2020-12-06,121,14.383428253626493,0
2020-12-07,265,6.510422609957671,0
2020-12-08,141,14.828780399391086,0
2020-12-09,170,18.833937723351347,0
2020-12-10,252,26.47852307565894,0
2020-12-11,202,22.088441283919085,0
2020-12-12,547,26.309941007102776,0
2020-12-13,266,7.885028549299329,0
2020-12-14,154,10.49986778551854,0
2020-12-15,590,13.09125543471621,1
2020-12-16,807,11.887562883952908,1
2020-12-17,558,10.535330009095379,1
2020-12-18,907,27.498823467594168,0
2020-12-19,505,29.850315813264775,1
2020-12-20,251,16.65956529375218,0
2020-12-21,592,21.333126102535353,0
2020-12-22,687,25.382404630118465,0
2020-12-23,353,7.294946031070165,0
2020-12-24,479,27.326587021222256,1
2020-12-25,305,21.489954876503884,0
2020-12-26,510,2.099956090842708,1
2020-12-27,448,23.83111479985285,0
2020-12-28,775,24.947326295300613,0
2020-12-29,142,5.654329786909767,0
2020-12-30,200,18.344003109450178,0
2020-12-31,715,14.720427389858031,0
2021-01-01,802,10.582699521969847,0
2021-01-02,909,19.538352599934825,0
2021-01-03,251,20.894146457804524,0
2021-01-04,773,24.026400429345777,1
2021-01-05,792,12.30434432014942,0
2021-01-06,100,25.80972677822205,0
2021-01-07,226,4.0919107403971005,0
2021-01-08,844,23.749827023701464,0
2021-01-09,658,1.7581816898999214,0
2021-01-10,158,22.37840624004428,1
2021-01-11,513,10.302773007828186,1
2021-01-12,542,14.024884311551975,0
2021-01-13,245,0.38760893027294574,0
2021-01-14,417,8.5106737172336,0
2021-01-15,764,9.189154262291176,0
2021-01-16,886,8.96360397145717,0
2021-01-17,345,2.204140410379317,0
2021-01-18,784,7.6498741256407214,1
2021-01-19,557,0.7423324389458263,1
2021-01-20,994,5.872106148238675,0
2021-01-21,630,25.332625288585618,0
2021-01-22,544,11.231131322545444,1
2021-01-23,859,13.239952835072524,1
2021-01-24,522,19.00961854805534,1
2021-01-25,406,17.101137933449873,0
2021-01-26,320,15.181382838745908,0
2021-01-27,130,0.7946494763889422,0
2021-01-28,803,4.222220671254187,1
2021-01-29,403,24.710091432677192,1
2021-01-30,837,8.802953917709656,0
2021-01-31,497,24.534745800752535,0
2021-02-01,447,23.879385899859898,0
2021-02-02,379,12.005929710967532,1
2021-02-03,942,15.558395195117319,1
2021-02-04,272,11.057018515557585,1
2021-02-05,186,18.016184095071207,0
2021-02-06,827,18.3761149947781,1
2021-02-07,932,26.320558289876008,0
2021-02-08,446,2.1096117148380413,0
2021-02-09,822,17.822930716850674,1
2021-02-10,567,19.412040625379827,1
2021-02-11,660,23.716384513054336,1
2021-02-12,467,28.288158877463825,0
2021-02-13,326,13.895900882884153,0
2021-02-14,523,1.493419015974633,0
2021-02-15,247,1.474448388175813,0
2021-02-16,439,29.200136961724798,1
2021-02-17,118,21.194890937557926,0
2021-02-18,637,27.736626072298307,1
2021-02-19,866,4.917469056408049,0
2021-02-20,527,17.315164770486124,1
2021-02-21,685,5.012332404639751,0
2021-02-22,555,24.592559945719078,0
2021-02-23,606,9.188140044466504,0
2021-02-24,728,10.476230817714198,1
2021-02-25,353,20.43963308127266,1
2021-02-26,880,19.050272574561923,0
2021-02-27,812,17.221766175301198,0
2021-02-28,621,26.428210211448487,0
2021-03-01,591,26.4092465464192,0
2021-03-02,894,21.117849898839594,0
2021-03-03,698,28.920094769162933,0
2021-03-04,711,2.6636097339356315,0
2021-03-05,349,9.49143936162439,1
2021-03-06,741,16.3905888353813,0
2021-03-07,665,22.80752729781876,0
2021-03-08,288,22.02870467658111,1
2021-03-09,301,17.82611667893523,0
2021-03-10,909,7.06663580482055,1
2021-03-11,728,14.837830416723147,1
2021-03-12,491,5.668050430704325,0
2021-03-13,305,19.197122916893278,1
2021-03-14,920,11.94969931333787,1
2021-03-15,522,16.69370600061699,0
2021-03-16,480,26.575587364038594,0
2021-03-17,666,7.4716710059590135,0
2021-03-18,534,24.419805800155256,1
2021-03-19,792,9.615126501607815,1
2021-03-20,237,6.327250728478492,0
2021-03-21,490,28.783552726306187,0
2021-03-22,864,13.100141864233647,0
2021-03-23,207,26.001850136385794,0
2021-03-24,961,16.123545725714113,0
2021-03-25,461,1.5318793270359599,1
2021-03-26,338,7.737689069201545,0
2021-03-27,393,20.126405417706117,1
2021-03-28,379,29.489502813863236,0
2021-03-29,963,21.215991665319052,0
2021-03-30,393,17.76922964141572,0
2021-03-31,110,4.038190529989411,0
2021-04-01,855,22.076992133069886,0
2021-04-02,751,21.728505411012478,0
2021-04-03,971,26.321457448255625,1
2021-04-04,826,23.33494510691304,0
2021-04-05,442,23.1066846239784,1
2021-04-06,749,7.5588625085540615,0
2021-04-07,779,1.4772486678966779,1
2021-04-08,898,9.70575052250167,0
2021-04-09,890,22.24617201750355,1
2021-04-10,421,28.165623567295988,1
2021-04-11,957,12.796494236644383,0
2021-04-12,328,13.970250980539195,0
2021-04-13,819,8.324845502526927,0
2021-04-14,388,6.4382326840233395,0
2021-04-15,127,26.99511895803799,0
2021-04-16,647,20.243546321569177,0
2021-04-17,319,23.264241591853484,1
2021-04-18,895,0.2726555872832437,1
2021-04-19,637,7.500403985701524,0
2021-04-20,541,17.151965947880942,0
2021-04-21,312,5.499809862945656,0
2021-04-22,857,1.649941633807872,0
2021-04-23,658,23.311561912171594,1
2021-04-24,312,26.64413388216044,0
2021-04-25,373,12.875896761236516,0
2021-04-26,545,14.655928036659562,0
2021-04-27,653,29.26455051153263,1
2021-04-28,456,5.944002252977649,0
2021-04-29,928,8.642432774904607,0
2021-04-30,985,16.18485335372907,0
2021-05-01,568,15.691165016934747,0
2021-05-02,753,23.36375966539738,0
2021-05-03,304,0.3476019837526745,1
2021-05-04,113,4.30848885031029,0
2021-05-05,680,12.584482043702668,0
2021-05-06,975,20.686218702010965,0
2021-05-07,399,9.918504004255315,0
2021-05-08,860,3.9314841236438336,0
2021-05-09,217,23.038759713644772,0
2021-05-10,166,22.897968167042333,0
2021-05-11,958,21.284014548268033,0
2021-05-12,853,10.49343780548663,1
2021-05-13,713,29.573257097315494,0
2021-05-14,697,6.449497810321693,1
2021-05-15,469,10.1270298988724,1
2021-05-16,458,22.634626333135213,1
2021-05-17,397,3.1291366997318892,1
2021-05-18,367,15.531855042457579,0
2021-05-19,414,19.441631090060355,1
2021-05-20,762,12.726881971808753,0
2021-05-21,582,27.849935001429216,0
2021-05-22,924,18.032780764318034,1
2021-05-23,194,25.734758586314886,0
2021-05-24,258,17.967138951451233,0
2021-05-25,260,4.323802666803637,0
2021-05-26,685,18.448200424197097,0
2021-05-27,130,7.775876458082896,1
2021-05-28,387,28.844095368604606,1
2021-05-29,705,4.395495390424804,0
2021-05-30,722,6.176635990156148,0
2021-05-31,324,10.601126794801083,0
2021-06-01,186,15.992209115778413,0
2021-06-02,814,17.661993817419585,0
2021-06-03,466,21.431960954992313,0
2021-06-04,825,10.98534800572886,1
2021-06-05,260,28.65919600311109,0
2021-06-06,956,16.534336917180596,0
2021-06-07,104,13.372207692378794,1
2021-06-08,127,9.701001652602315,0
2021-06-09,372,14.738224221158578,0
2021-06-10,492,5.361485041045554,1
2021-06-11,803,9.63211408249428,0
2021-06-12,490,5.409801640285866,0
2021-06-13,323,29.399352291117026,1
2021-06-14,745,13.152931312691425,0
2021-06-15,428,18.294901325692358,1
2021-06-16,464,9.285543347000246,1
2021-06-17,393,6.397462900234662,0
2021-06-18,577,21.754019262767905,0
2021-06-19,539,22.59984650003549,0
2021-06-20,905,5.676656768508609,1
2021-06-21,581,0.42686499598902916,0
2021-06-22,117,0.3406818626758079,0
2021-06-23,563,15.05274953368394,0
2021-06-24,471,3.980349720115658,0
2021-06-25,995,19.51313559577232,0
2021-06-26,292,25.00363960573905,1
2021-06-27,997,13.478420173089276,0
2021-06-28,232,25.833093350135606,0
2021-06-29,146,11.083383960554606,1
2021-06-30,457,14.832053030399987,0
2021-07-01,421,18.326812563511375,0
2021-07-02,607,21.63692150639289,1
2021-07-03,213,9.281717757192624,1
2021-07-04,189,26.2892023867977,1
2021-07-05,325,20.737703846286657,0
2021-07-06,700,13.851347056998529,0
2021-07-07,901,24.574977452296803,0
2021-07-08,746,23.7352354398859,0
2021-07-09,521,26.866900595967667,1
2021-07-10,251,21.327694687890553,0
2021-07-11,498,24.846307808822967,1
2021-07-12,719,23.285816830057545,0
2021-07-13,766,22.417519114783616,1
2021-07-14,848,4.782109973488701,0
2021-07-15,254,22.891161706004617,0
2021-07-16,137,14.242125502954499,0
2021-07-17,566,26.586616728643993,0
2021-07-18,181,22.959847805824797,1
2021-07-19,777,9.201473765105035,1
2021-07-20,256,5.013645819922311,0
2021-07-21,626,14.222330127841559,1
2021-07-22,626,15.84717926357162,0
2021-07-23,513,22.779286167884802,0
2021-07-24,791,16.221526828357533,1
2021-07-25,422,26.284371731762132,0
2021-07-26,327,7.847278586855956,0
2021-07-27,511,4.4065906612727135,0
2021-07-28,348,4.675287507570313,1
2021-07-29,101,17.292544206496213,1
2021-07-30,947,22.792853211356963,0
2021-07-31,317,14.224898691700755,0
2021-08-01,790,20.960086846833683,0
2021-08-02,816,27.944133726728015,0
2021-08-03,664,0.28398801958567477,1
2021-08-04,627,27.965128796699183,0
2021-08-05,881,26.76527781158184,0
2021-08-06,159,2.4777917423484395,1
2021-08-07,278,15.668496442271548,0
2021-08-08,414,7.587134187920349,1
2021-08-09,346,25.572026260406048,0
2021-08-10,909,8.289138153785908,0
2021-08-11,344,22.226411841514597,1
2021-08-12,688,27.720633889760116,0
2021-08-13,520,7.903230132404206,0
2021-08-14,912,1.525196034204861,1
2021-08-15,476,10.966506256551321,1
2021-08-16,837,11.478540192310478,0
2021-08-17,890,21.88966345041493,1
2021-08-18,544,16.90322552111249,0
2021-08-19,568,15.058541676806389,0
2021-08-20,126,29.519084728492533,0
2021-08-21,604,6.9776035211055785,0
2021-08-22,408,15.892735566201381,0
2021-08-23,842,28.548461583019975,0
2021-08-24,651,3.865308370973227,0
2021-08-25,456,16.49080193892486,0
2021-08-26,853,24.527311320830137,0
2021-08-27,967,8.53960349670104,0
2021-08-28,285,4.2588265342043465,1
2021-08-29,956,17.141109000497263,0
2021-08-30,898,28.579247019574314,1
2021-08-31,625,0.9965425091438984,0
2021-09-01,992,17.97708608639114,0
2021-09-02,738,23.657921179504985,0
2021-09-03,642,24.106072130212258,0
2021-09-04,274,10.116746328608013,0
2021-09-05,953,20.575428331618294,0
2021-09-06,150,8.417996748860489,1
2021-09-07,107,29.12642131547861,0
2021-09-08,816,23.0541540109614,0
2021-09-09,912,28.44755701738028,0
2021-09-10,186,15.646034905967186,0
2021-09-11,303,14.999311347543413,0
2021-09-12,195,14.541938852417292,0
2021-09-13,189,18.66200755103418,0
2021-09-14,396,11.786553051644802,0
2021-09-15,636,4.960774898225636,0
2021-09-16,335,17.06792001233583,0
2021-09-17,188,21.74491904391219,1
2021-09-18,514,3.596669926164516,0
2021-09-19,436,11.585666372822756,0
2021-09-20,250,27.752318979736714,1
2021-09-21,665,17.412035859242625,0
2021-09-22,713,19.892446065907365,0
2021-09-23,125,24.299199379008023,0
2021-09-24,369,5.205920972355248,0
2021-09-25,673,11.745397301229604,0
2021-09-26,740,28.389210800825527,1
2021-09-27,284,25.038904752061775,0
2021-09-28,565,4.666078041714533,0
2021-09-29,653,0.7785908294502886,0
2021-09-30,333,6.454652195024052,0
2021-10-01,959,18.861466309651174,1
2021-10-02,173,28.746413511265146,0
2021-10-03,722,25.875149175001653,1
2021-10-04,772,28.56164308096879,0
2021-10-05,365,29.883383096239477,1
2021-10-06,102,22.778073471503642,0
2021-10-07,563,16.979916229890712,0
2021-10-08,516,11.631410067024285,1
2021-10-09,270,17.260478367451164,0
2021-10-10,466,26.629944548512878,1
2021-10-11,224,8.265403012894023,0
2021-10-12,497,24.471461386796495,0
2021-10-13,311,22.227852495155023,1
2021-10-14,861,22.64396822487154,0
2021-10-15,473,11.974457316562525,0
2021-10-16,817,12.960438485148865,0
2021-10-17,682,20.097505505327412,0
2021-10-18,839,5.2229966069333305,0
2021-10-19,643,5.164489340411173,0
2021-10-20,945,27.254190616250625,0
2021-10-21,592,28.63505746859495,0
2021-10-22,383,12.698986215453829,0
2021-10-23,907,9.848279921991091,1
2021-10-24,879,26.90525362960065,0
2021-10-25,367,27.56071002466587,1
2021-10-26,979,8.418186779482859,0
2021-10-27,209,29.38744027007615,0
2021-10-28,515,13.794238352236148,0
2021-10-29,973,26.041677783597343,0
2021-10-30,115,11.767682115288709,0
2021-10-31,415,6.16634774400292,1
2021-11-01,113,26.636687220486863,0
2021-11-02,345,10.286938917609676,0
2021-11-03,209,9.109113713034695,0
2021-11-04,675,13.351942728003689,1
2021-11-05,929,10.907357242151745,1
2021-11-06,562,11.370740118167044,0
2021-11-07,501,0.3302044973868479,0
2021-11-08,753,10.218722969811822,0
2021-11-09,593,9.92540929608167,1
2021-11-10,409,21.069848347707186,0
2021-11-11,595,24.24609560755003,0
2021-11-12,986,20.10526540724055,1
2021-11-13,386,8.756452224173962,0
2021-11-14,841,8.2655640961724,1
2021-11-15,500,7.309812169149498,0
2021-11-16,677,8.484275964113872,1
2021-11-17,656,14.657634510187423,0
2021-11-18,406,9.789536352850547,1
2021-11-19,323,2.80113145308274,0
2021-11-20,185,13.20053002053518,1
2021-11-21,987,24.767350013147524,1
2021-11-22,605,13.941065721224925,0
2021-11-23,159,29.838833043881582,1
2021-11-24,443,17.10559998644396,0
2021-11-25,980,7.197168214047135,0
2021-11-26,793,29.898326735120932,1
2021-11-27,574,17.282220193586195,0
2021-11-28,143,25.28820463258191,1
2021-11-29,869,20.202988176811125,0
2021-11-30,382,10.522372120979997,0
2021-12-01,127,5.162311539678016,1
2021-12-02,819,24.267982031141752,0
2021-12-03,763,27.99841159376568,0
2021-12-04,325,5.560406874939295,0
2021-12-05,505,23.60071484329739,1
2021-12-06,477,2.6516688997129236,0
2021-12-07,679,8.29523499776105,0
2021-12-08,435,25.43780809522966,1
2021-12-09,954,1.079922792949135,0
2021-12-10,489,19.773011971448163,1
2021-12-11,781,16.060850200124932,1
2021-12-12,848,1.5465133722519286,0
2021-12-13,832,18.613057829316492,1
2021-12-14,182,16.37645557521142,0
2021-12-15,907,9.618694459130793,1
2021-12-16,443,15.465713491645424,1
2021-12-17,968,26.17378004180057,1
2021-12-18,484,24.8331253661908,0
2021-12-19,616,26.686659893894046,0
2021-12-20,406,10.41252767250001,0
2021-12-21,228,0.6067847738214704,0
2021-12-22,712,16.672776533468156,0
2021-12-23,533,15.392380312518538,1
2021-12-24,107,14.94462959718051,0
2021-12-25,335,12.887816381123223,0
2021-12-26,166,13.320040911487473,0
2021-12-27,717,17.29875912928148,1
2021-12-28,398,25.9008030312006,1
2021-12-29,754,17.462225353188156,0
2021-12-30,963,4.6581754977450265,0
2021-12-31,584,3.6373444128954358,1
2022-01-01,487,17.87090585018754,0
2022-01-02,935,17.60598612657216,0
2022-01-03,166,11.692146173721602,1
2022-01-04,482,0.6706956558440591,0
2022-01-05,850,8.436607540138437,0
2022-01-06,783,7.590753001961997,0
2022-01-07,455,14.140278502468698,0
2022-01-08,551,13.439420626109145,0
2022-01-09,774,22.16021832240332,1
2022-01-10,741,26.638910362240384,0
2022-01-11,564,14.693579176858982,1
2022-01-12,934,12.906391090279518,0
2022-01-13,693,3.5214346150249343,0
2022-01-14,960,17.636999232090417,0
2022-01-15,708,3.228893829484938,1
2022-01-16,509,29.067435019407572,0
2022-01-17,135,21.60576135955396,0
2022-01-18,506,20.691365289622112,1
2022-01-19,372,0.03807095827350282,0
2022-01-20,194,22.315155194951398,0
2022-01-21,396,26.179710999192988,1
2022-01-22,993,22.539711617915714,1
2022-01-23,221,9.835891465980067,0
2022-01-24,671,26.877546680932504,0
2022-01-25,184,29.83580649411759,0
2022-01-26,473,28.2967173184948,1
2022-01-27,321,26.2408040149225,1
2022-01-28,366,24.23235688338526,0
2022-01-29,472,2.893753565840985,0
2022-01-30,574,6.401985267791238,0
2022-01-31,659,4.146312129927691,1
2022-02-01,244,17.41473205893566,1
2022-02-02,299,5.410384162931207,1
2022-02-03,734,28.842771245270264,0
2022-02-04,169,23.715174638568353,1
2022-02-05,902,13.535222230976146,0
2022-02-06,467,17.947829111932183,0
2022-02-07,896,20.28727016419742,1
2022-02-08,428,0.6131475810124698,0
2022-02-09,514,21.876373669025707,1
2022-02-10,537,21.739112549006702,1
2022-02-11,107,14.826173942162926,0
2022-02-12,491,4.279698369627712,0
2022-02-13,268,25.722240419987077,0
2022-02-14,351,27.416681496938605,0
2022-02-15,119,23.981065797887503,0
2022-02-16,923,6.971985201658529,0
2022-02-17,622,15.302844855335827,1
2022-02-18,691,11.18333356303952,0
2022-02-19,187,26.76420460118339,0
2022-02-20,591,2.720211923627973,1
2022-02-21,660,11.756285066812847,0
2022-02-22,164,24.582579251652263,0
2022-02-23,795,2.621358498333154,0
2022-02-24,493,22.5653097900082,0
2022-02-25,755,24.756473355090886,0
2022-02-26,299,10.03811952166197,0
2022-02-27,357,3.727901501401898,0
2022-02-28,129,5.228008949210067,1
2022-03-01,163,22.77225996028765,0
2022-03-02,928,2.648506754475294,0
2022-03-03,490,27.52646185450331,1
2022-03-04,565,22.42439572326772,0
2022-03-05,907,6.776319520570818,0
2022-03-06,863,5.039708577086657,1
2022-03-07,190,19.93611318168958,1
2022-03-08,115,20.64104211568575,1
2022-03-09,946,4.505878793504263,0
2022-03-10,921,6.514263220817601,1
2022-03-11,747,21.76594348044703,0
2022-03-12,534,10.028993433262723,0
2022-03-13,965,18.13698083030652,1
2022-03-14,548,15.236204516287227,0
2022-03-15,444,7.92685950862035,0
2022-03-16,886,15.72274470970153,0
2022-03-17,381,27.403283744582385,0
2022-03-18,630,26.61213856864497,0
2022-03-19,212,4.522721831740512,1
2022-03-20,703,21.551325021543235,1
2022-03-21,921,23.299495389373902,0
2022-03-22,912,2.859645684822744,0
2022-03-23,815,25.07484953596829,0
2022-03-24,338,26.553075092104137,1
2022-03-25,396,10.763652381650708,1
2022-03-26,949,16.55399382093258,0
2022-03-27,859,17.4707606754995,0
2022-03-28,640,15.673127240810587,0
2022-03-29,667,6.858264728662656,0
2022-03-30,750,15.523336732253966,0
2022-03-31,115,20.041204945294986,0
2022-04-01,792,1.766659931179455,0
2022-04-02,156,7.479159471475177,1
2022-04-03,308,7.660304780130303,0
2022-04-04,105,27.212871183705676,0
2022-04-05,588,29.813445329053053,0
2022-04-06,681,3.2812678429467566,0
2022-04-07,440,9.303162617144588,0
2022-04-08,684,14.02952343420165,0
2022-04-09,233,15.346932218611283,0
2022-04-10,370,27.19838985637732,0
2022-04-11,694,23.62483549235149,0
2022-04-12,408,11.971467603887055,1
2022-04-13,798,4.324979922510739,1
2022-04-14,747,9.68010648230562,1
2022-04-15,607,5.572015742506994,0
2022-04-16,744,27.039460896918317,1
2022-04-17,101,27.790504244612823,1
2022-04-18,754,6.598508358518387,1
2022-04-19,904,23.608704306537525,0
2022-04-20,930,13.189103158707422,0
2022-04-21,539,10.600788598054569,0
2022-04-22,126,20.635629112835197,0
2022-04-23,143,20.52152122013515,0
2022-04-24,976,12.256566887722443,0
2022-04-25,227,26.687525846655507,0
2022-04-26,967,23.672383808749345,0
2022-04-27,971,15.737443095572143,0
2022-04-28,998,10.211860749470018,0
2022-04-29,907,0.4603012846153287,0
2022-04-30,162,26.862911561028085,0
2022-05-01,231,7.903118094420578,0
2022-05-02,418,9.298868938466565,1
2022-05-03,142,22.094898993068,0
2022-05-04,658,22.339786174286726,1
2022-05-05,432,27.659359805643433,0
2022-05-06,636,29.959304135497135,0
2022-05-07,373,11.883642714605823,0
2022-05-08,271,4.265902765725068,1
2022-05-09,357,0.8194851811063375,0
2022-05-10,279,16.904272110496642,1
2022-05-11,470,9.372222881638463,0
2022-05-12,891,26.06817643617149,1
2022-05-13,948,4.824637674019536,1
2022-05-14,371,23.944895593461048,1
2022-05-15,702,16.35489057445353,0
2022-05-16,126,28.46261621954931,0
2022-05-17,811,24.99327144604746,0
2022-05-18,947,14.557581291256557,0
2022-05-19,790,24.870794892062463,0
2022-05-20,428,5.553822250240716,0
2022-05-21,999,18.693448317096404,1
2022-05-22,498,25.680187138206165,1
2022-05-23,426,25.01342227192557,0
2022-05-24,544,29.82728149723474,0
2022-05-25,475,4.527555905340698,0
2022-05-26,720,13.220578785704513,0
2022-05-27,497,13.849197103646471,1
2022-05-28,791,11.665227309257455,0
2022-05-29,933,22.19598073458667,1
2022-05-30,187,6.9070472517017105,0
2022-05-31,651,9.828551247387184,0
2022-06-01,466,23.018847426312995,0
2022-06-02,580,24.978219054806715,0
2022-06-03,484,26.699530612188212,0
2022-06-04,329,29.58787118501662,1
2022-06-05,200,13.165648209037998,0
2022-06-06,812,17.203196953755693,0
2022-06-07,428,6.4077545566536065,0
2022-06-08,259,29.013369218462614,1
2022-06-09,110,14.225517848272283,1
2022-06-10,665,11.195872254721317,1
2022-06-11,259,28.90763762189987,1
2022-06-12,746,16.56131992760379,0
2022-06-13,243,21.113316007268274,0
2022-06-14,148,4.070802171365528,0
2022-06-15,399,19.42675480375381,0
2022-06-16,606,21.470558561166865,0
2022-06-17,207,26.791121762660534,0
2022-06-18,868,15.117398286395607,1
2022-06-19,190,14.42368146607994,0
2022-06-20,588,8.780700106414557,1
2022-06-21,699,24.020603137750378,0
2022-06-22,380,22.294190064196073,1
2022-06-23,715,3.1841443176951936,0
2022-06-24,960,8.928391001133196,0
2022-06-25,563,11.582375862042456,0
2022-06-26,367,6.663035758730902,1
2022-06-27,398,24.396980063061264,0
2022-06-28,980,21.389796065485896,0
2022-06-29,433,11.92638191051699,0
2022-06-30,188,27.98865368651709,0
2022-07-01,498,23.781690830806358,0
2022-07-02,989,17.609856095728347,0
2022-07-03,688,14.7478853251064,1
2022-07-04,671,19.57940303103402,0
2022-07-05,933,0.4596315129357642,0
2022-07-06,694,18.031256343070908,0
2022-07-07,939,23.863980628021398,1
2022-07-08,255,23.222954478109507,0
2022-07-09,747,20.742861093348964,0
2022-07-10,827,6.328747188115965,1
2022-07-11,305,21.217718429936646,1
2022-07-12,344,15.927195501609205,0
2022-07-13,529,10.46948002553049,0
2022-07-14,388,3.7484498262605968,1
2022-07-15,823,13.201457718359054,0
2022-07-16,311,27.11293587299099,0
2022-07-17,459,0.35027317908057465,1
2022-07-18,939,3.0331038750925634,1
2022-07-19,791,4.032907433043775,0
2022-07-20,964,10.961331216921272,1
2022-07-21,328,25.23038103387381,0
2022-07-22,994,28.08187706902168,0
2022-07-23,541,5.198267127881278,1
2022-07-24,568,20.750564429216304,0
2022-07-25,386,0.1187923814153391,0
2022-07-26,590,28.674208078630684,1
2022-07-27,460,23.95768747420093,0
2022-07-28,794,17.559022183528732,1
2022-07-29,167,1.5238533283717692,0
2022-07-30,446,5.80723753302839,1
2022-07-31,166,26.6997661583452,0
2022-08-01,118,25.592960834296157,0
2022-08-02,500,15.654373594891167,0
2022-08-03,506,25.517016495343007,1
2022-08-04,736,9.548527476845297,1
2022-08-05,381,28.415854687760497,1
2022-08-06,122,19.638346396117477,0
2022-08-07,920,2.9633015090422266,0
2022-08-08,570,1.9345698140891665,1
2022-08-09,876,15.66473177987495,0
2022-08-10,577,4.829044878468435,0
2022-08-11,788,16.729059193761003,1
2022-08-12,924,11.287809595555558,0
2022-08-13,921,9.047244681102386,0
2022-08-14,428,19.74344035177496,0
2022-08-15,989,7.135640987006866,0
2022-08-16,514,22.889067336786724,0
2022-08-17,621,6.923377509279593,1
2022-08-18,885,23.358425381272948,0
2022-08-19,469,19.058592681191783,1
2022-08-20,429,20.3362949834923,0
2022-08-21,156,11.935401275095707,0
2022-08-22,547,18.014541696551973,0
2022-08-23,660,21.946036412895314,0
2022-08-24,991,25.09134307646813,0
2022-08-25,399,13.639616509604695,0
2022-08-26,845,4.367925417174517,0
2022-08-27,824,15.91032700046799,0
2022-08-28,591,8.47066449791876,1
2022-08-29,325,20.8507154403128,0
2022-08-30,489,11.662633777551347,1
2022-08-31,117,8.029418422871576,0
2022-09-01,964,29.48405401158918,0
2022-09-02,506,19.27790733500504,0
2022-09-03,199,22.852982124580258,0
2022-09-04,650,0.18703526509433077,0
2022-09-05,688,28.89074155793977,0
2022-09-06,313,5.232702783841795,0
2022-09-07,580,8.736818969872921,0
2022-09-08,669,18.915943612601097,1
2022-09-09,620,17.103861939384846,1
2022-09-10,716,11.440189431617162,0
2022-09-11,328,17.430423604208,1
2022-09-12,273,2.7761503204900997,1
2022-09-13,748,22.87589267564864,0
2022-09-14,477,17.476683431498067,1
2022-09-15,322,0.2769603152021216,1
2022-09-16,813,28.664031750483055,1
2022-09-17,375,26.751028738585692,0
2022-09-18,888,13.482933328833319,1
2022-09-19,968,0.035786554495731426,0
2022-09-20,215,12.263937818163871,0
2022-09-21,970,21.078138018529955,1
2022-09-22,765,26.36026031812555,0
2022-09-23,284,9.084294544224793,1
2022-09-24,920,28.057253515850228,0
2022-09-25,441,1.022475232604736,0
2022-09-26,870,18.72392420706043,1
2022-09-27,527,29.62194870784412,1
2022-09-28,640,17.955774921470702,0
2022-09-29,245,0.6206977033985273,0
2022-09-30,786,8.909732624760622,0
2022-10-01,947,0.5437164996904287,1
2022-10-02,163,3.590664256411703,0
2022-10-03,581,26.16564511433239,0
2022-10-04,557,19.50414860581298,0
2022-10-05,941,19.65932899839927,1
2022-10-06,659,16.234324636767447,1
2022-10-07,929,17.730268226713942,0
2022-10-08,102,13.047625898941487,0
2022-10-09,945,4.911740389281776,1
2022-10-10,203,18.91310536808205,0
2022-10-11,363,12.714745053675284,0
2022-10-12,464,23.795548200954933,0
2022-10-13,135,20.17804923958304,0
2022-10-14,834,28.517897489494054,0
2022-10-15,490,23.347544575267676,0
2022-10-16,810,26.350166914628026,0
2022-10-17,334,2.506938991642551,0
2022-10-18,348,29.912788639567328,1
2022-10-19,120,22.92133795678799,0
2022-10-20,432,11.971071292029034,0
2022-10-21,947,20.80340722551987,0
2022-10-22,303,17.283253698689663,0
2022-10-23,544,0.993439866264243,0
2022-10-24,265,3.77972687003345,0
2022-10-25,858,12.584629169192707,1
2022-10-26,825,23.83043283692025,0
2022-10-27,898,6.494691314334922,0
2022-10-28,839,26.50674089142547,1
2022-10-29,662,23.03537267916214,0
2022-10-30,889,19.856962099297753,0
2022-10-31,865,23.34465922141447,0
2022-11-01,988,13.43866344856141,0
2022-11-02,903,29.926823596693694,0
2022-11-03,227,5.763832391839987,0
2022-11-04,914,28.934126677816913,0
2022-11-05,816,16.442595733272697,0
2022-11-06,105,27.116719572777,1
2022-11-07,625,20.020624188611766,0
2022-11-08,568,6.855630423826077,0
2022-11-09,128,1.059811492692786,0
2022-11-10,518,9.598865441261244,1
2022-11-11,924,4.699853034355542,0
2022-11-12,874,0.20243447479771692,0
2022-11-13,338,23.277372162298803,0
2022-11-14,569,15.934658878895403,0
2022-11-15,281,1.421726715022379,0
2022-11-16,951,15.894531447735506,0
2022-11-17,847,7.500870756257255,0
2022-11-18,389,21.04864715897049,0
2022-11-19,832,11.221926779999794,0
2022-11-20,245,27.721145349646097,0
2022-11-21,189,22.204453807036987,0
2022-11-22,355,4.379185538679201,0
2022-11-23,730,1.9588633724752236,0
2022-11-24,129,2.7223002886694503,0
2022-11-25,784,26.668807572909238,0
2022-11-26,229,15.008037585499965,0
2022-11-27,305,24.596496192249266,0
2022-11-28,970,10.568006836545369,0
2022-11-29,452,17.159729237500702,0
2022-11-30,345,9.106370417523078,0
2022-12-01,709,3.1799043489470913,1
2022-12-02,556,25.555306339961906,0
2022-12-03,568,0.28979326900009594,0
2022-12-04,859,18.107426545011936,0
2022-12-05,862,18.075077425443812,1
2022-12-06,218,19.783452512644708,0
2022-12-07,694,2.8804626963474425,0
2022-12-08,837,14.067415158360536,0
2022-12-09,140,29.21083769180013,1
2022-12-10,934,26.21317236270807,0
2022-12-11,486,5.390643625932563,0
2022-12-12,888,26.90801551101955,0
2022-12-13,152,25.86065362732094,0
2022-12-14,513,22.595109614731864,0
2022-12-15,930,4.452440124020568,0
2022-12-16,319,11.500637924985472,1
2022-12-17,788,24.702471298504584,0
2022-12-18,179,19.216764027242743,0
2022-12-19,711,17.1949100842132,0
2022-12-20,355,5.03896657399158,0
2022-12-21,244,6.138727213454947,1
2022-12-22,332,3.6526218110030086,0
2022-12-23,279,16.843319553480857,0
2022-12-24,977,2.118000392467402,0
2022-12-25,773,23.968188190096335,1
2022-12-26,631,4.18970631726941,0
2022-12-27,897,3.583793357580156,0
2022-12-28,288,6.605987862435199,0
2022-12-29,968,10.715031504919496,1
2022-12-30,183,1.2641130000749112,0
2022-12-31,409,15.34004937329258,0
